<?xml version="1.0" encoding="UTF-8"?>
<project-private xmlns="http://www.netbeans.org/ns/project-private/1">
    <editor-bookmarks xmlns="http://www.netbeans.org/ns/editor-bookmarks/2" lastBookmarkId="0"/>
    <open-files xmlns="http://www.netbeans.org/ns/projectui-open-files/2">
        <group>
            <file>file:/C:/Users/Lenovo/Documents/NetBeansProjects/quizapplication1/src/quizapplication1/AdminHome.java</file>
            <file>file:/C:/Users/Lenovo/Documents/NetBeansProjects/quizapplication1/src/quizapplication1/index.java</file>
            <file>file:/C:/Users/Lenovo/Documents/NetBeansProjects/quizapplication1/src/quizapplication1/allstudentresult.java</file>
            <file>file:/C:/Users/Lenovo/Documents/NetBeansProjects/quizapplication1/src/quizapplication1/Connectionprovider.java</file>
            <file>file:/C:/Users/Lenovo/Documents/NetBeansProjects/quizapplication1/src/quizapplication1/loginadmin.java</file>
            <file>file:/C:/Users/Lenovo/Documents/NetBeansProjects/quizapplication1/src/quizapplication1/instruction.java</file>
            <file>file:/C:/Users/Lenovo/Documents/NetBeansProjects/quizapplication1/src/quizapplication1/Quiz1.java</file>
            <file>file:/C:/Users/Lenovo/Documents/NetBeansProjects/quizapplication1/src/quizapplication1/submit.java</file>
            <file>file:/C:/Users/Lenovo/Documents/NetBeansProjects/quizapplication1/src/quizapplication1/studentdetails.java</file>
            <file>file:/C:/Users/Lenovo/Documents/NetBeansProjects/quizapplication1/src/quizapplication1/allque.java</file>
            <file>file:/C:/Users/Lenovo/Documents/NetBeansProjects/quizapplication1/src/quizapplication1/addnewque.java</file>
        </group>
    </open-files>
</project-private>
